optimizacion,metrica_afectada,problema_tecnico,solucion_detallada,impacto_cwv,impacto_negocio,esfuerzo,timeline_dias,roi_estimado,prioridad,pasos_implementacion,herramientas_necesarias,como_validar
Optimizar Hero Home,"LCP Home: 4.2s → 1.8s mobile","Hero image 1.2MB sin WebP, sin srcset responsive","Convertir a WebP (reduce 75%), generar 4 tamaños srcset (320/768/1024/1920px), lazy load below fold, preload hero","-2.4s LCP mobile (-57%)","Bounce rate -15pp = +3,360 sesiones/mes retenidas, revenue +€504k-672k/año",Medio,14-21,25:1,Crítica,"1. Convertir hero a WebP con Squoosh. 2. Generar 4 variantes. 3. Implementar <picture> con srcset. 4. Añadir <link rel=preload> para hero. 5. Test PageSpeed Insights mobile","Squoosh.app, ImageMagick, Cloudflare Image Resizing","PageSpeed Insights LCP <2.5s mobile, Search Console Core Web Vitals report >75% URLs Good"
Implementar Dimensiones Imágenes,"CLS Home: 0.31 → 0.08","Imágenes slider/gallery sin width/height, browser recalcula layout","Añadir width/height explícitos en <img>, usar aspect-ratio CSS, reservar espacio con min-height","-0.23 CLS (-74%)","Bounce rate -8pp mobile = +1,792 sesiones/mes, revenue +€268k-358k/año",Bajo,7-10,40:1,Crítica,"1. Audit todas <img> sin dimensions. 2. Añadir width/height desde dimensions reales. 3. CSS: img { aspect-ratio: attr(width) / attr(height); }. 4. Test CLS con Chrome DevTools Layout Shift Regions","Chrome DevTools, CLS Debugger extension","Chrome DevTools Performance: CLS <0.1, Layout Shift Regions azules desaparecen"
Optimizar Grid Villas Categoría,"LCP /villas: 5.8s → 2.2s mobile","12 imágenes 850KB cada (10.2MB total), carga síncrona bloqueante","WebP conversion (reduce 70%), lazy load 9-12 (solo 3 above fold), CDN con auto-optimization, dimensiones explícitas","-3.6s LCP mobile (-62%)","Engagement +25%, CTR a villas +18% = +1,536 conversiones/año, revenue +€4.6M-6.9M",Alto,21-30,35:1,Crítica,"1. Convertir 12 imágenes a WebP. 2. Implementar Intersection Observer lazy load. 3. Configurar Cloudflare Polish/Image Resizing. 4. Preload 3 imágenes above fold. 5. Test mobile con 3G throttling","Cloudflare Image Optimization, Intersection Observer API, WebP converter","PageSpeed Insights LCP <2.5s, Network tab: solo 3 imágenes loaded initially"
Reducir JavaScript Checkout,"FID Checkout: 248ms → 65ms mobile","Bundle JavaScript 520KB bloqueante (validaciones+calendario+analytics)","Code splitting: async load calendario solo cuando usuario interactúa, defer analytics, inline crítico validaciones, tree shaking","-183ms FID mobile (-74%)","Abandono checkout -12pp = +288 conversiones/mes, revenue +€10.4M-15.6M/año",Alto,21-28,50:1,Crítica,"1. Webpack code splitting por ruta. 2. Dynamic import() para calendario. 3. Defer Google Analytics. 4. Inline validaciones críticas <5KB. 5. Test con CPU throttling 4x slowdown","Webpack/Vite bundle analyzer, Chrome DevTools Coverage tab, Lighthouse","Lighthouse FID <100ms, Total Blocking Time <200ms, Coverage tab: <10% unused JS initially"
Lazy Load Below Fold,"LCP general: Mejora indirecta por priorizar above fold","Todas imágenes cargan eager, compiten por bandwidth con hero/critical content","Implementar loading=lazy en imágenes below fold, mantener eager solo hero + 2-3 críticas above fold","Mejora LCP -0.4-0.8s indirecta","PageSpeed Score +12-18 puntos, mejor crawl efficiency Google = rankings +2-3 posiciones promedio",Bajo,7-10,15:1,Muy Alta,"1. Audit imágenes above vs below fold. 2. Añadir loading=lazy a below fold. 3. Intersection Observer fallback navegadores antiguos. 4. Test scroll rápido sin gaps","Chrome DevTools Network tab, Lighthouse Opportunities","Network tab: max 5-8 imágenes loaded initially, resto on-demand al scroll"
Optimizar Google Maps Embeds,"LCP Búsqueda/Contacto: Mejora 0.8-1.2s","Google Maps iframe carga síncrono, bloquea rendering","Facade pattern: screenshot mapa con botón 'Ver Mapa', load iframe real solo al click, alternativa: Maps Static API","Mejora LCP -0.8-1.2s páginas con mapa","Abandono búsqueda -10pp = +580 sesiones/mes completan búsqueda, conversión +€870k-1.16M/año",Medio,10-14,18:1,Alta,"1. Generar screenshot estático mapa. 2. Overlay botón 'Ver Mapa Interactivo'. 3. JavaScript: load iframe al click. 4. Alternativa: Google Maps Static API con link a dynamic. 5. Test interacción usuario","Google Maps Static API, Facade pattern library","PageSpeed Insights: Maps iframe no en initial load, LCP mejora visible, Interactive Map funciona al click"
Preload Critical Resources,"LCP general: -0.5-0.9s","Fonts/CSS crítico descubren tarde, browser hace múltiples roundtrips","<link rel=preload> para fonts críticas, critical CSS inline, DNS prefetch para Google Fonts/Analytics","Mejora LCP -0.5-0.9s todas páginas","Bounce rate general -4pp = +4,580 sesiones/mes, revenue +€687k-916k/año",Bajo,7-10,22:1,Muy Alta,"1. Identificar critical fonts (2-3 weights). 2. <link rel=preload as=font> en <head>. 3. Extract critical CSS con tools. 4. Inline critical CSS <style>. 5. <link rel=dns-prefetch> para Google domains","Critical CSS generator, Font subsetting tools","Chrome DevTools Network: fonts/CSS loaded early, Lighthouse: Eliminate render-blocking resources passed"
Fix CLS Formulario Responsive,"CLS Checkout: 0.44 → 0.06 mobile","Campos formulario sin height fijo mobile, validaciones insertan mensajes error y mueven layout","Reserve espacio fijo para mensajes error (min-height), validaciones inline sin mover campos, skeleton loaders","CLS -0.38 (-86%)","Abandono checkout -8pp mobile = +248 conversiones/mes, revenue +€8.9M-13.4M/año",Medio,14-18,40:1,Crítica,"1. CSS: .form-group { min-height: 120px; }. 2. Mensajes error position absolute o reserved space. 3. Validación inline sin layout shift. 4. Test con Chrome DevTools Layout Shift tracking","Chrome DevTools Layout Shift Regions, Real device testing","DevTools Performance: CLS <0.1 durante validaciones, mensajes error no causan layout shift"
CDN y Edge Caching,"LCP general: -0.6-1.1s según geografía","Server España, latency alta usuarios UK/DE/NL (40% tráfico), TTFB 850ms promedio","Cloudflare CDN con edge caching, cache HTML 5min, imágenes 1 mes, Page Rules por tipo contenido, Argo Smart Routing","TTFB -400-550ms, LCP -0.6-1.1s internacional","Bounce rate internacional -10pp = +2,240 sesiones/mes, revenue +€336k-448k/año",Medio,10-14,20:1,Muy Alta,"1. Activar Cloudflare CDN (ya configurado). 2. Page Rules: /villas/* cache 5min. 3. Cache-Control headers correctos. 4. Argo Smart Routing. 5. Test con VPN desde UK/DE","Cloudflare CDN, Argo Smart Routing, GTmetrix multiple locations","GTmetrix London/Frankfurt: TTFB <400ms, LCP <2.5s, Cloudflare cache HIT confirmed"
Reduce Third-Party Scripts,"FID general: -80-120ms","Google Analytics, Facebook Pixel, Chat widget cargan bloqueantes, delay interactividad","Defer todos scripts 3rd party, load chat widget after user interaction, facade para Analytics (load after TTI)","FID -80-120ms todas páginas","Engagement +8%, time on site +18% = +1,440 conversiones/año, revenue +€5.2M-7.8M",Medio,14-18,25:1,Alta,"1. Defer Google Analytics con setTimeout 3s. 2. Chat widget: load after scroll o 10s idle. 3. Facebook Pixel: async + delay. 4. Monitor con Request Blocking. 5. Test FID con Lighthouse","Chrome DevTools Request Blocking, Lighthouse 3rd party audit","Lighthouse: Third-party impact <500ms, FID <100ms, TTI improved"
Mobile-First Images Strategy,"LCP mobile general: -1.2-1.8s","Imágenes desktop-first (1920px) served a mobile (375px), desperdicio bandwidth 4-6x","Responsive images: srcset con 5 breakpoints (375/768/1024/1440/1920), sizes attribute correcto, WebP con JPEG fallback","LCP mobile -1.2-1.8s (-35-45%)","Mobile bounce rate -12pp = +2,688 sesiones/mes, mobile conversión +€9.6M-14.4M/año",Alto,21-28,30:1,Crítica,"1. Generar 5 variantes cada imagen. 2. <picture><source srcset media sizes>. 3. Sizes attribute: (max-width:768px) 100vw, 50vw. 4. WebP con JPEG fallback. 5. Test real devices","Responsive Image Breakpoints Generator, Real device lab","Chrome DevTools Network: mobile loads 375px variant, PageSpeed mobile LCP <2.5s"
Skeleton Loaders Async Content,"CLS general: -0.15-0.25","Contenido async (reviews, relacionados) inserta tarde y mueve layout","Skeleton loaders con dimensiones exactas del contenido final, CSS animation placeholder, reserve espacio","-0.15-0.25 CLS","Bounce rate -3pp = +3,435 sesiones/mes por mejor UX, revenue +€515k-687k/año",Bajo,10-12,20:1,Alta,"1. Medir dimensiones contenido async. 2. CSS skeleton con gradiente animado. 3. Min-height container = altura final. 4. Replace skeleton con contenido sin layout shift. 5. Test CLS tracking","Chrome DevTools CLS tracking, Skeleton UI library","DevTools Performance: CLS no incrementa al cargar async content, smooth replacement"
HTTP/2 Server Push Critical,"LCP -0.3-0.6s","Critical CSS/JS/fonts descubiertos tarde, múltiples roundtrips","HTTP/2 Server Push para critical.css (15KB), hero WebP, 2 fonts críticas, reduce roundtrips de 4 a 1","LCP -0.3-0.6s","Bounce rate -2pp = +2,290 sesiones/mes, revenue +€343k-458k/año",Medio,14-18,15:1,Media,"1. Configurar HTTP/2 en servidor. 2. Link header: </critical.css>; rel=preload; as=style. 3. Push hero.webp + fonts. 4. Monitor con Chrome DevTools Protocol. 5. Test roundtrips","HTTP/2 server config, Chrome DevTools Protocol tab","DevTools Network: critical resources loaded in 1 roundtrip, Waterfall shows parallel loading"
Optimize Web Fonts Loading,"LCP -0.2-0.5s, CLS -0.08-0.15","FOIT (Flash of Invisible Text) retrasa LCP, FOUT causa layout shift","font-display: swap, preload críticas, subset fonts (latin only), WOFF2 only, local() fallback","LCP -0.2-0.5s, CLS -0.08-0.15","Bounce rate -2pp, UX mejorada = +2,290 sesiones/mes, revenue +€343k-458k/año",Bajo,7-10,18:1,Media,"1. Font-display: swap en @font-face. 2. <link rel=preload> fonts críticas. 3. Subset con unicode-range: U+0020-007F. 4. WOFF2 only (soporte 96%+). 5. Test FOIT/FOUT","Google Fonts helper, Font subsetting tools, Chrome DevTools Font tab","DevTools: fonts load early, no FOIT visible, CLS <0.1 during font swap"
