Categoria,Signal,Presente,Calidad,Impacto_EEAT,Accion_Recomendada,Prioridad,Esfuerzo,Notas
Experience,Fotos reales propias de las villas,Sí,Media,Alto,Aumentar a 50+ fotos profesionales por villa con watermark,Alta,Medio,Fotos propias = prueba de experiencia directa
Experience,Videos tour de villas,Parcial,Baja,Muy Alto,Crear 3-5 videos profesionales de villas TOP,Muy Alta,Alto,Videos = máxima señal de experiencia de primera mano
Experience,Testimonios clientes con nombres reales,Parcial,Media,Alto,Publicar 20+ testimonios con nombre + país + fecha,Alta,Bajo,Testimonios específicos = experiencia verificable
Experience,Blog con experiencias/historias clientes,No,N/A,Alto,Crear sección blog: 'Experiencias de nuestros clientes',Alta,Medio,Demuestra experiencia acumulada en el negocio
Experience,Guías locales escritas por el equipo,No,N/A,Muy Alto,Crear 10 guías: Mejores playas/Restaurantes/Eventos Ibiza,Muy Alta,Alto,"Guías locales = conocimiento experto de Ibiza (Experience)"
Experience,Caso de estudio: Organización evento en villa,No,N/A,Alto,Publicar 2-3 casos de estudio detallados con fotos,Media,Medio,Casos reales = prueba tangible de experiencia
Expertise,Página 'Sobre Nosotros' con equipo,Sí,Baja,Muy Alto,Ampliar con fotos equipo + biografías + años experiencia,Crítica,Bajo,Equipo visible = humaniza y demuestra expertise
Expertise,Biografías individuales del equipo,No,N/A,Alto,Crear biografías: fundador + 3-4 key members,Alta,Bajo,Biografías = credenciales y expertise personal
Expertise,Certificaciones / Licencias negocio,Parcial,Media,Alto,Mostrar licencias turísticas + certificaciones calidad,Alta,Bajo,Licencias = expertise regulado y oficial
Expertise,Años de experiencia destacados,Parcial,Baja,Medio,Destacar: 'X años gestionando villas de lujo en Ibiza',Media,Muy Bajo,Longevidad = expertise acumulado
Expertise,Contenido educativo especializado,No,N/A,Muy Alto,Crear sección: Cómo elegir villa / Qué considerar,Muy Alta,Medio,Contenido educativo = demuestra expertise sectorial
Expertise,FAQs detalladas (20+ preguntas),Parcial,Media,Alto,Ampliar FAQs a 30+ preguntas específicas,Alta,Bajo,FAQs completas = anticipa dudas = expertise
Expertise,Proceso de selección/inspección villas,No,N/A,Alto,Publicar criterios de selección villas (20 puntos calidad),Alta,Medio,Proceso riguroso = expertise en curación
Authoritativeness,Menciones en medios (Forbes/Timeout/etc),No,N/A,Muy Alto,Conseguir 3-5 menciones en medios turísticos,Muy Alta,Muy Alto,Menciones prensa = autoridad reconocida externamente
Authoritativeness,Premios o reconocimientos,No,N/A,Alto,Solicitar premios: Mejor agencia villas Ibiza / TripAdvisor,Alta,Alto,Premios = validación terceros de autoridad
Authoritativeness,Colaboraciones con marcas lujo,No,N/A,Muy Alto,Establecer colaboraciones: concierge lujo / chefs / spas,Alta,Alto,Partnerships = autoridad por asociación
Authoritativeness,Publicaciones como expertos (guest posts),No,N/A,Alto,Escribir 5 guest posts en blogs turismo de lujo,Media,Medio,Guest posts = posicionamiento como autoridad
Authoritativeness,Backlinks de sitios autoridad (DR 70+),Parcial,Baja,Muy Alto,Conseguir links: Timeout/Forbes/Condé Nast Traveler,Muy Alta,Muy Alto,Backlinks autoridad = señal de autoridad reconocida
Authoritativeness,Perfil LinkedIn empresa activo,Parcial,Baja,Medio,Optimizar LinkedIn: posts semanales + 500+ seguidores,Media,Bajo,LinkedIn = autoridad profesional B2B
Authoritativeness,Presencia en directorios premium,Parcial,Media,Alto,Registrar en 5 directorios lujo (Luxury Retreats etc),Alta,Medio,Directorios premium = validación nicho lujo
Trustworthiness,HTTPS en toda la web,Sí,Alta,Crítico,Mantener - verificar certificado válido,Crítica,Muy Bajo,HTTPS = señal mínima de confianza
Trustworthiness,Política de privacidad visible,Sí,Media,Crítico,Revisar cumplimiento GDPR + hacer más accesible,Alta,Bajo,Privacidad = transparencia legal = confianza
Trustworthiness,Términos y condiciones claros,Sí,Media,Alto,Ampliar sección: Política cancelación + Seguros,Alta,Bajo,T&C claros = transparencia en reglas del juego
Trustworthiness,Datos de contacto completos y verificables,Sí,Alta,Crítico,Mantener - añadir horarios atención al cliente,Media,Muy Bajo,Contacto real = confianza en accesibilidad
Trustworthiness,Reviews verificadas (Google/TripAdvisor),Parcial,Media,Muy Alto,Aumentar a 50+ reviews verificadas en 6 meses,Muy Alta,Medio,Reviews verificadas = prueba social de confianza
Trustworthiness,Respuesta a reviews (100% tasa),Parcial,Baja,Alto,Responder 100% reviews en menos de 24h,Alta,Bajo,Respuesta reviews = compromiso transparente
Trustworthiness,Proceso de reserva transparente,Sí,Media,Alto,Detallar paso a paso: Reserva → Pago → Check-in,Media,Bajo,Proceso claro = reduce fricción y aumenta confianza
Trustworthiness,Información de seguro y garantías,Parcial,Baja,Alto,Crear página: Seguros incluidos + Garantía satisfacción,Alta,Medio,Seguros = protección = confianza
Trustworthiness,Sellos de confianza/certificaciones,No,N/A,Alto,Añadir sellos: Pago seguro + TripAdvisor + Google Partner,Alta,Bajo,Sellos visibles = confianza visual inmediata
Trustworthiness,Páginas de error personalizadas (404),Parcial,Media,Bajo,Personalizar 404 con enlaces útiles y buscador,Baja,Muy Bajo,404 profesional = atención al detalle
Trustworthiness,Declaración de transparencia precios,Parcial,Media,Alto,Crear página: Sin costes ocultos + Desglose tarifas,Alta,Bajo,Transparencia precio = honestidad = confianza
