Keyword,Volumen_Busqueda,Dificultad,Posicion_Actual,Posicion_Objetivo,URL_Destino,Accion_Recomendada,Prioridad,Trafico_Potencial_Mensual
alquiler villas ibiza con piscina,2400,45,Sin ranking,Top 3,/villas/,Crear página específica + optimizar contenido existente,Muy Alta,800-1200
villas lujo ibiza primera linea mar,880,58,Sin ranking,Top 5,/villas/primera-linea/,Crear nueva categoría con filtro,Alta,250-400
mejores zonas alquilar villa ibiza,720,42,18,Top 3,/zonas/,Optimizar página de zonas + añadir comparativa,Muy Alta,300-450
alquiler villa ibiza semana agosto,1900,52,Sin ranking,Top 5,/villas/,Crear landing específica para agosto,Crítica,600-950
villa ibiza 10 personas con piscina,640,48,12,Top 3,/villas/capacidad/10-personas/,Optimizar categoría + añadir filtros,Alta,220-350
villas ibiza baratas fin de semana,590,38,Sin ranking,Top 5,/villas/ofertas/,Crear sección de ofertas,Media,180-280
que hacer en ibiza con niños,1200,35,Sin ranking,Top 3,/blog/ibiza-con-ninos/,Crear artículo completo + guía,Muy Alta,400-600
calas tranquilas ibiza familias,450,32,Sin ranking,Top 3,/zonas/playas-familias/,Crear guía de calas familiares,Alta,150-230
villa ibiza san antonio cerca discotecas,380,44,Sin ranking,Top 5,/villas/san-antonio/,Optimizar categoría San Antonio,Media,120-190
alquiler villa ibiza navidad año nuevo,520,40,Sin ranking,Top 5,/villas/,Crear landing temporal,Baja,160-250
documentos necesarios alquilar villa ibiza,290,28,Sin ranking,Top 1,/faq/documentacion/,Crear página FAQ específica,Alta,90-145
diferencia alquilar villa ibiza formentera,240,30,Sin ranking,Top 3,/blog/ibiza-vs-formentera/,Crear artículo comparativo,Media,80-120
villas ibiza con chef privado,310,52,Sin ranking,Top 5,/servicios/chef-privado/,Crear página de servicio,Media,95-150
mejores restaurantes cerca villa ibiza,420,36,Sin ranking,Top 3,/zonas/restaurantes/,Crear guía de restaurantes por zona,Alta,140-210
ruta pueblos bonitos ibiza desde villa,340,33,Sin ranking,Top 3,/blog/ruta-pueblos-ibiza/,Crear artículo de ruta turística,Media,110-170
