Dominio_Objetivo,DR,Tipo_Oportunidad,Estrategia,Contenido_Propuesto,Esfuerzo,DR_Estimado,Trafico_Ref_Estimado,Prioridad,Notas
ibiza-spotlight.com,67,Guest Post,Artículo colaboración,Guía: Las 20 Mejores Villas de Lujo en Ibiza 2024,Medio,67,180-250 visitas/mes,Muy Alta,Portal turismo Ibiza - alta relevancia
timeout.com/ibiza,78,Mención + Link,Outreach periodístico,Inclusión en guía oficial de alojamientos de lujo,Alto,78,420-580 visitas/mes,Muy Alta,Timeout autoridad internacional
booking-ibiza.es,52,Directorio Premium,Registro verificado,Perfil premium con 10 villas destacadas + reviews,Bajo,52,80-120 visitas/mes,Alta,Directorio específico Ibiza con buena autoridad
luxury-retreats-europe.com,71,Colaboración Contenido,Intercambio contenido,Artículo: Tendencias Villas Lujo Ibiza 2024,Alto,71,220-320 visitas/mes,Muy Alta,Red europea villas de lujo
ibiza-travel-guide.com,48,Guest Post,Artículo educativo,Cómo Elegir la Villa Perfecta en Ibiza: Guía Completa,Medio,48,120-170 visitas/mes,Alta,Guía turística con tráfico cualificado
mediterraneanluxuryvillas.com,64,Partnership,Alianza estratégica,Cross-linking en páginas de destino + contenido compartido,Alto,64,280-380 visitas/mes,Muy Alta,Competencia indirecta (otras zonas Mediterráneo)
eventplanners-ibiza.com,45,Sponsorship,Patrocinio eventos,Logo + link en sección proveedores recomendados,Medio,45,90-130 visitas/mes,Media,Planificadores eventos corporativos
ibizaconcierge.com,41,Mención Natural,Outreach,Inclusión en lista recursos alojamiento premium,Bajo,41,60-90 visitas/mes,Media,Servicio concierge local
villarentalmagazine.com,58,Entrevista,PR Digital,Entrevista fundador: Evolución mercado villas lujo Ibiza,Medio,58,150-210 visitas/mes,Alta,Revista sectorial alquiler vacacional
spanishvillaexperts.com,55,Recurso Enlazable,Link bait,Infografía: Estadísticas Mercado Villas Ibiza 2024,Alto,55,190-260 visitas/mes,Alta,Portal expertos villas España
ibizaweekly.com,39,Artículo Local,Guest post local,Las Villas Más Exclusivas de Ibiza: Una Mirada Interior,Bajo,39,70-100 visitas/mes,Media,Revista local semanal
luxurytravel.co.uk,82,Mención Premium,PR Internacional,Feature en sección Mediterranean Luxury Destinations,Muy Alto,82,520-720 visitas/mes,Muy Alta,Portal UK lujo - audiencia target perfecta
ibiza-wedding-venues.com,36,Colaboración Nicho,Cross-promotion,Sección villas para bodas + link recíproco,Bajo,36,40-60 visitas/mes,Baja,Nicho bodas - segmento interesante
celebrity-villas-ibiza.com,44,Comparativa,Contenido colaborativo,Comparativa villas celebrities vs villas accesibles lujo,Medio,44,110-150 visitas/mes,Media,Tráfico alta curiosidad - conversión media
forbestravelguide.com,91,PR Élite,Relaciones públicas,Pitch: Por Qué Ibiza Sigue Siendo el Destino #1 de Villas de Lujo,Muy Alto,91,1200-1600 visitas/mes,Muy Alta,Forbes - máxima autoridad pero muy difícil
